Booking_ID,prediction
INN04969,0.004187896
INN34541,0.26708835
INN36109,0.25643978
INN01554,0.7938538
INN24975,0.303524
INN27080,0.2636556
INN29146,0.72516936
INN05926,0.44389835
INN17356,0.4098222
INN25284,0.54596704
INN28043,0.2518857
INN00264,0.96660423
INN36020,0.06575815
INN05558,0.71975535
INN07365,0.6283251
INN35759,0.76897794
INN24606,0.63580894
INN14613,0.08499621
INN00927,0.6169417
INN03156,0.001601078
INN18684,0.29664648
INN24976,0.11339521
INN02773,0.07795197
INN09126,0.6205578
INN23806,0.33116254
INN05911,0.77665645
INN10744,0.30416104
INN18155,0.01643842
INN01732,0.25877133
INN28020,0.0055445717
INN11177,0.006755623
INN24767,0.30451098
INN24168,0.48544854
INN17657,0.23285167
INN19937,0.42387035
INN10005,0.14895086
INN19470,0.06740092
INN03227,0.67461413
INN20723,0.16119576
INN32020,0.019118711
INN04254,0.28083295
INN06188,0.34935555
INN19814,0.33862215
INN26451,0.49216554
INN07030,0.018469222
INN34873,0.6476457
INN27817,0.49246562
INN32177,0.74047273
INN05866,0.813801
INN12355,0.40699303
INN27652,0.02893322
INN27153,0.25703508
INN35279,0.7265988
INN16005,0.47066253
INN12990,0.23355204
INN24073,0.013050643
INN33637,0.5313289
INN13485,0.51648283
INN16436,0.67461413
INN34987,0.47765046
INN14263,0.23514126
INN35353,0.50294125
INN00269,0.16546337
INN32425,0.3707571
INN27275,0.22938572
INN35034,0.5655382
INN34452,0.38247162
INN35113,0.09170583
INN34588,0.35683316
INN07616,0.74999946
INN26088,0.68923813
INN09286,0.70185226
INN32284,0.24484822
INN13788,0.20767616
INN03704,0.43751043
INN21855,0.047083184
INN16700,0.97727805
INN30579,0.04932819
INN07578,0.6019396
INN05758,0.36263978
INN31672,0.25072065
INN00084,0.5962797
INN15712,0.6688498
INN21926,0.3492995
INN22391,0.34452865
INN34753,0.06457576
INN10927,0.14342652
INN07802,0.19939317
INN06082,0.8861445
INN05187,0.1252026
INN10952,0.5536502
INN16320,0.50998455
INN18055,0.63549703
INN02266,0.34609696
INN33046,0.1909673
INN33753,0.8369526
INN35475,0.7002524
INN14908,0.9147034
INN35795,0.18587539
INN35668,0.71641904
INN19700,0.91497463
INN35228,0.66752166
INN12325,0.024033122
INN13499,0.0091326125
INN22534,0.66025156
INN31212,0.27652597
INN33520,0.47127625
INN15795,0.15093623
INN12712,0.6912701
INN07104,0.63199294
INN27400,0.57343024
INN31525,0.45604256
INN18168,0.087899946
INN23731,0.7022707
INN13833,0.8341203
INN28228,0.324997
INN24517,0.30308947
INN15483,0.6603771
INN20700,0.7884818
INN02650,0.7704525
INN13261,0.046281766
INN30788,0.31169146
INN15499,0.22461595
INN02562,0.5765655
INN29761,0.33868036
INN35910,0.43838558
INN15337,0.6591118
INN00071,0.730224
INN10545,0.12858519
INN16346,0.017707761
INN08566,0.8335808
INN12010,0.4719725
INN24714,0.061262954
INN04916,0.78169906
INN30066,0.9864624
INN29665,0.2555572
INN31774,0.59084845
INN13827,0.104797654
INN00466,0.784192
INN16884,0.8196537
INN06217,0.059297435
INN18504,0.37617478
INN05180,0.75371844
INN08039,0.7327585
INN00313,0.008626735
INN04700,0.11941971
INN16731,0.47182125
INN06066,0.3629306
INN05573,0.68285173
INN11238,0.7176792
INN14218,0.2335183
INN26488,0.5899874
INN26079,0.06940019
INN35612,0.65048444
INN31168,0.7265988
INN13144,0.0964218
INN02792,0.19688137
INN34087,0.35565674
INN29578,0.73942786
INN23190,0.112893485
INN01158,0.0026603204
INN02555,0.80578625
INN21625,0.44871497
INN28268,0.31127918
INN21241,0.113227926
INN19859,0.029264273
INN01683,0.83159477
INN09949,0.8239063
INN09808,0.8719451
INN29709,0.662811
INN03894,0.3156877
INN05839,0.9334152
INN03029,0.18965043
INN18224,0.59885883
INN03980,0.6892489
INN13731,0.59044033
INN22867,0.7065511
INN20326,0.18299335
INN02970,0.3580487
INN11661,0.020924762
INN26818,0.78487873
INN26174,0.08565961
INN14495,0.027790835
INN35656,0.46797714
INN29208,0.488116
INN06268,0.75618684
INN10870,0.22842364
INN15640,0.064530775
INN34774,0.0032999166
INN17039,0.11551112
INN24361,0.4768615
INN11077,0.3105698
INN30989,0.52096915
INN16314,0.1572531
INN16829,0.72593355
INN28490,0.046258796
INN08181,0.64169616
INN12627,0.2315232
INN10390,0.4834425
INN07340,0.7538978
INN23221,0.33296502
INN24006,0.21116215
INN06869,0.80424964
INN29356,0.28869423
INN23147,0.14264138
INN14364,0.13938409
INN31585,0.62681955
INN20551,0.64352864
INN13609,0.19825195
INN00274,0.14531805
INN33001,0.657939
INN09998,0.73509717
INN10313,0.45170403
INN29439,0.9158771
INN00472,0.092703685
INN21407,0.2685138
INN08669,0.53368914
INN29849,0.04272803
INN29382,0.019645263
INN34473,0.3007184
INN26219,0.7163747
INN05708,0.63813144
INN13039,0.111641444
INN09593,0.024082445
INN32723,0.29588974
INN25064,0.06802525
INN25451,0.89780223
INN16358,0.08982212
INN31235,0.017170303
INN30234,0.080497034
INN08364,0.6605507
INN25291,0.015588013
INN14285,0.26858965
INN33508,0.558373
INN31027,0.44567165
INN22513,0.016107166
INN01427,0.3429634
INN25173,0.29503286
INN07410,0.29660743
INN08944,0.21967818
INN07450,0.003851357
INN23336,0.832398
INN00429,0.29662573
INN09737,0.00994388
INN12081,0.014278699
INN27086,0.36263978
INN01913,0.8541403
INN05219,0.479084
INN00726,0.075958796
INN20387,0.13721113
INN08691,0.7164171
INN28625,0.33727452
INN33466,0.7388369
INN04309,0.7858092
INN28105,0.7454001
INN25383,0.0103355395
INN26142,0.40697202
INN32384,0.61410123
INN18556,0.45273495
INN02901,0.7173568
INN02030,0.5620169
INN29069,0.96620965
INN34358,0.5755264
INN22532,0.6025611
INN01428,0.8057302
INN23630,0.32020527
INN28975,0.69440395
INN15484,0.79040235
INN17992,0.70395744
INN27024,0.024460299
INN17475,0.031170549
INN06283,0.88583505
INN28067,0.57231665
INN09999,0.68060213
INN10649,0.98544544
INN28239,0.47400925
INN21378,0.24050206
INN25490,0.34978852
INN21472,0.53050977
INN30471,0.5139603
INN33507,0.14514588
INN26297,0.17062983
INN03057,0.17547035
INN26999,0.7989442
INN31615,0.434085
INN12250,0.74892193
INN18579,0.345963
INN25639,0.71555126
INN33957,0.43088368
INN03841,0.04415326
INN21145,0.46151233
INN11569,0.56381273
INN21762,0.6186776
INN18427,0.29655838
INN04141,0.769864
INN01762,0.7725882
INN00097,0.8271787
INN24870,0.25241604
INN34008,0.059287008
INN33511,0.0041932124
INN30618,0.120125666
INN34749,0.015037876
INN33193,0.014359634
INN25873,0.39342293
INN26663,0.629496
INN21579,0.18175015
INN31014,0.21825014
INN02944,0.27993435
INN06915,0.88945144
INN11989,0.7601471
INN19058,0.1016738
INN05987,0.81175756
INN35018,0.7398353
INN35079,0.16860159
INN13596,0.74935776
INN33039,0.014844007
INN19855,0.0060888496
INN22127,0.8203017
INN26548,0.019857472
INN16027,0.27289367
INN20533,0.7824961
INN07050,0.29040375
INN22715,0.7501386
INN26494,0.65736705
INN18435,0.12630986
INN13643,0.9163031
INN23491,0.73509717
INN15926,0.42318776
INN35698,0.7609746
INN21014,0.7437848
INN02983,0.57957006
INN13721,0.5746388
INN01454,0.3343269
INN24636,0.0053284965
INN06966,0.0057967003
INN35306,0.3780118
INN20882,0.090125225
INN07987,0.6392372
INN00145,0.16128197
INN18380,0.110897526
INN34025,0.020520512
INN21248,0.7047621
INN26468,0.25877133
INN08547,0.96694684
INN17682,0.48923066
INN08929,0.21667905
INN23874,0.008008065
INN21076,0.80443317
INN29400,0.6200673
INN00960,0.64380705
INN08249,0.48925757
INN24581,0.32141614
INN25235,0.06982137
INN35757,0.8704926
INN35577,0.2030822
INN02993,0.14959198
INN27420,0.6961696
INN14978,0.60078454
INN22762,0.048642877
INN09572,0.7364569
INN22462,0.15300587
INN02533,0.67734087
INN25943,0.4646936
INN12789,0.3840947
INN06316,0.004536052
INN28108,0.31427705
INN04306,0.00692005
INN36237,0.41250542
INN27675,0.28094715
INN00076,0.6019396
INN22139,0.9270065
INN04741,0.79981977
INN35923,0.72593355
INN01662,0.33638975
INN31249,0.58603066
INN23946,0.005482214
INN18405,0.29287142
INN13453,0.38341352
INN21212,0.5249235
INN30649,0.71133405
INN05116,0.3254364
INN26874,0.34592175
INN28050,0.0057840236
INN27594,0.37921166
INN23752,0.66275126
INN20918,0.22830026
INN28613,0.4768365
INN35510,0.48287696
INN02112,0.7123394
INN01537,0.21464056
INN02358,0.31436354
INN14016,0.74707925
INN05227,0.4275371
INN09086,0.0038300487
INN34978,0.81264323
INN08853,0.45892894
INN35860,0.025945816
INN02497,0.7689347
INN29432,0.6698809
INN05628,0.37880808
INN34779,0.6578967
INN12561,0.77942955
INN10497,0.005588875
INN08493,0.30894744
INN20388,0.43446752
INN28654,0.24527594
INN01708,0.025414255
INN35672,0.78169185
INN15833,0.18151325
INN33082,0.6882353
INN36063,0.7407691
INN20785,0.7176667
INN12054,0.3737357
INN26012,0.25643978
INN01497,0.15283947
INN14434,0.72607607
INN25310,0.69497174
INN31899,0.11017069
INN26696,0.61791974
INN22146,0.028179204
INN12580,0.3996307
INN22939,0.29269743
INN23537,0.19163279
INN16430,0.66539234
INN27703,0.69547105
INN09734,0.10302549
INN08441,0.9041879
INN24127,0.57321244
INN29469,0.8689893
INN02800,0.055783533
INN12234,0.5378144
INN28359,0.062506065
INN25866,0.59879816
INN16049,0.34323442
INN16502,0.15893534
INN22007,0.5643661
INN03663,0.19321558
INN10672,0.1567181
INN13105,0.6343198
INN03706,0.84891146
INN31228,0.84208137
INN16543,0.020870652
INN18124,0.08756778
INN30539,0.19963564
INN18195,0.4554447
INN18487,0.47985366
INN25081,0.7315591
INN00844,0.6597275
INN07666,0.31344074
INN18984,0.69844145
INN32087,0.93222684
INN23680,0.0425723
INN10647,0.1953766
INN35165,0.38589165
INN22401,0.4106105
INN15485,0.37391692
INN18567,0.8057302
INN33031,0.13996129
INN35516,0.34879908
INN31543,0.007807688
INN21090,0.3454093
INN24791,0.531355
INN09285,0.8004598
INN33248,0.20953718
INN14116,0.42972398
INN24441,0.055901043
INN11766,0.80054235
INN35823,0.26858965
INN16042,0.46896386
INN32338,0.719422
INN20496,0.086986884
INN34280,0.692503
INN24242,0.38515252
INN04946,0.070179984
INN34486,0.36083516
INN21056,0.5258651
INN17985,0.77718127
INN01289,0.0848458
INN14496,0.15727046
INN04742,0.5899874
INN27547,0.19680576
INN22134,0.73777264
INN28198,0.69584465
INN20893,0.55928177
INN24869,0.4768318
INN27807,0.021778602
INN25027,0.09433074
INN13227,0.12315365
INN17129,0.7138065
INN33590,0.014397261
INN32244,0.30065966
INN11655,0.3105698
INN13824,0.5981876
INN15759,0.89346415
INN13131,0.12800641
INN06563,0.7616388
INN05374,0.17177548
INN12182,0.80054235
INN17838,0.24472931
INN34336,0.4893968
INN34780,0.8028011
INN23598,0.29424694
INN18181,0.6664267
INN12587,0.61759806
INN18886,0.4442686
INN00062,0.6450537
INN35615,0.34797215
INN21809,0.8054545
INN08224,0.58809584
INN09528,0.49643037
INN20474,0.15204355
INN28172,0.79349864
INN34703,0.8685245
INN24872,0.7378726
INN09939,0.7252754
INN13910,0.6172596
INN14857,0.77178925
INN06934,0.41173935
INN33502,0.099763595
INN00880,0.15573199
INN11263,0.5420344
INN21909,0.66952723
INN20959,0.8017906
INN31851,0.8515826
INN13723,0.13562188
INN00843,0.06215323
INN21987,0.17401189
INN21717,0.49081817
INN07577,0.34774587
INN15268,0.14407837
INN23080,0.6828884
INN20500,0.66212547
INN15396,0.7336995
INN16318,0.39057472
INN14160,0.8045528
INN22538,0.7698171
INN35673,0.33542025
INN29672,0.12443919
INN33224,0.78027695
INN20269,0.10300264
INN06189,0.46305868
INN05087,0.75170255
INN19899,0.50890064
INN03917,0.19921961
INN20497,0.63016295
INN21332,0.4128578
INN07496,0.07927516
INN00912,0.013517097
INN16676,0.72379446
INN11000,0.7355554
INN13316,0.27328372
INN23539,0.7390628
INN35760,0.038254015
INN35115,0.8244052
INN26569,0.097795956
INN32385,0.07212154
INN20213,0.7885213
INN31726,0.7211073
INN26567,0.6257268
INN20353,0.31005192
INN22808,0.7388369
INN02056,0.06625161
INN01671,0.0036329734
INN01046,0.027587157
INN20265,0.20935987
INN17434,0.08759809
INN02343,0.726773
INN29826,0.81030416
INN04450,0.004805475
INN01711,0.03379744
INN20713,0.01804989
INN01435,0.5976441
INN17093,0.21670552
INN19233,0.16296327
INN12794,0.6302812
INN24471,0.031160448
INN17551,0.7038765
INN22802,0.7044701
INN15469,0.15886794
INN13368,0.7173151
INN12224,0.13724615
INN36060,0.19505398
INN22145,0.3486241
INN20577,0.24727638
INN27018,0.2782448
INN32694,0.5019611
INN09578,0.6210771
INN33547,0.59482396
INN35524,0.78839666
INN25805,0.73368526
INN23211,0.298832
INN20483,0.411481
INN34924,0.2927047
INN13099,0.6172921
INN04642,0.34058237
INN30780,0.24277431
INN01333,0.7626618
INN16598,0.74008834
INN26576,0.34481135
INN05690,0.8520885
INN35745,0.7470718
INN11538,0.16145411
INN02542,0.45273495
INN07347,0.73965615
INN30283,0.16469812
INN26743,0.0850425
INN24253,0.7633857
INN03549,0.18058781
INN33709,0.3855389
INN03001,0.65823865
INN05153,0.24943243
INN32804,0.05634212
INN26046,0.61262727
INN09930,0.036933713
INN34498,0.5291035
INN13534,0.6561631
INN32788,0.0974949
INN10275,0.039221033
INN01589,0.36272895
INN13431,0.11593244
INN14682,0.014103909
INN30024,0.52561826
INN28220,0.39190274
INN03569,0.444923
INN34317,0.06081728
INN36136,0.741328
INN31449,0.74999946
INN26572,0.624999
INN14979,0.12987247
INN16038,0.57914174
INN09724,0.7448694
INN14632,0.4454449
INN32902,0.15293206
INN33944,0.53845096
INN16473,0.073384374
INN12894,0.28314093
INN07871,0.7910579
INN26370,0.04846115
INN15429,0.40488702
INN29695,0.3126383
INN07730,0.7270362
INN20967,0.68867654
INN12167,0.65823865
INN14935,0.2664768
INN28393,0.74787354
INN32532,0.52054316
INN27721,0.27740756
INN01044,0.070055544
INN02214,0.69025284
INN14559,0.5262403
INN15861,0.64920074
INN13469,0.0741789
INN30703,0.7274585
INN14871,0.012702963
INN18238,0.8524602
INN02831,0.12653086
INN00005,0.5234101
INN27320,0.64592105
INN11686,0.0036804194
INN11477,0.676225
INN32675,0.42538917
INN12903,0.63996863
INN25043,0.9085774
INN12285,0.072978705
INN19037,0.27424118
INN03387,0.26686892
INN24586,0.45506203
INN00648,0.6451898
INN12755,0.6983702
INN06225,0.7260078
INN13565,0.56965464
INN10995,0.71467566
INN27411,0.2699476
INN06149,0.6565409
INN26862,0.21389166
INN32602,0.015159171
INN25687,0.4003583
INN03106,0.006521075
INN07271,0.45723855
INN03821,0.06681273
INN19091,0.6190692
INN21536,0.30897188
INN28612,0.58882266
INN26157,0.451499
INN33086,0.52376884
INN26261,0.32091394
INN20034,0.65255266
INN09303,0.6151843
INN20572,0.03305841
INN29844,0.1542806
INN22132,0.7707306
INN30805,0.7685162
INN21744,0.80223984
INN25598,0.7643049
INN32885,0.53265446
INN17302,0.15641473
INN31635,0.5723764
INN17665,0.81478155
INN32095,0.71948916
INN14056,0.669478
INN31957,0.671656
INN28070,0.073488146
INN12833,0.54006624
INN28104,0.70900446
INN22110,0.09985842
INN35077,0.6932338
INN21817,0.4945282
INN23139,0.08641542
INN30986,0.69521683
INN34508,0.2498693
INN03579,0.14637001
INN22637,0.5029972
INN33947,0.44418547
INN10147,0.76950735
INN28106,0.505176
INN29373,0.07063241
INN14919,0.93659014
INN09779,0.0301467
INN19411,0.3449335
INN10802,0.0022404375
INN15189,0.326181
INN09431,0.07027712
INN14783,0.034070864
INN02297,0.98776907
INN15057,0.06807563
INN17582,0.016415408
INN26551,0.8500393
INN01189,0.23586708
INN20730,0.2160883
INN34027,0.58622533
INN02465,0.527275
INN13760,0.962405
INN27410,0.6398296
INN19084,0.18554822
INN17606,0.10300428
INN06848,0.252141
INN07823,0.69391406
INN29308,0.0103485845
INN24674,0.024010131
INN11571,0.371072
INN10124,0.6503988
INN04266,0.3455239
INN16580,0.70166826
INN35583,0.07246404
INN21209,0.60499084
INN25774,0.46078157
INN18026,0.003458838
INN22905,0.81180716
INN03161,0.05760982
INN36021,0.12913334
INN00609,0.30464777
INN07535,0.51336825
INN00929,0.83657694
INN11001,0.03201573
INN02278,0.13571392
INN01347,0.7362429
INN07647,0.7611934
INN06861,0.33951202
INN21031,0.74541134
INN12783,0.011640782
INN18964,0.006674329
INN20154,0.82804245
INN21860,0.46822736
INN14823,0.1822632
INN21659,0.5271478
INN11041,0.6210105
INN33890,0.45176286
INN05343,0.03853151
INN04422,0.039419547
INN10469,0.6969441
INN10091,0.347848
INN11675,0.73266584
INN27159,0.26955655
INN28149,0.09415584
INN04856,0.39409846
INN19721,0.009001659
INN27345,0.2741263
INN07328,0.13949153
INN06165,0.38533688
INN32975,0.3356919
INN13868,0.006856994
INN06495,0.046125475
INN25591,0.26041865
INN03105,0.11583196
INN27764,0.24793778
INN33087,0.08200805
INN18680,0.7018504
INN22037,0.61432296
INN03350,0.8303806
INN01484,0.4435488
INN31062,0.9912981
INN03793,0.057287328
INN05741,0.11041297
INN07760,0.3935902
INN12597,0.72997564
INN14626,0.007953356
INN05534,0.97373
INN31295,0.17112735
INN15666,0.28032163
INN01399,0.4709771
INN19121,0.5111217
INN08575,0.80223984
INN13888,0.54923594
INN16029,0.18063505
INN03915,0.15532008
INN01759,0.7590534
INN11190,0.5808907
INN30930,0.5836968
INN10633,0.21783952
INN11830,0.09100549
INN31859,0.017710298
INN08726,0.015652198
INN08356,0.70335495
INN15269,0.36544824
INN32713,0.82737774
INN21514,0.50735176
INN08286,0.4431663
INN01794,0.54722005
INN29226,0.31186834
INN06232,0.40223378
INN12910,0.5304089
INN03212,0.015581732
INN33806,0.49429202
INN04731,0.7004081
INN16249,0.07768695
INN21735,0.6360644
INN10889,0.15845276
INN15160,0.6510268
INN26360,0.4116795
INN28342,0.6486837
INN30011,0.032596197
INN08921,0.7888909
INN26772,0.73917574
INN07725,0.029761761
INN01417,0.047368564
INN34306,0.693312
INN07095,0.41301358
INN33289,0.11106633
INN33717,0.5148028
INN09173,0.8004598
INN05461,0.6727636
INN13846,0.35478544
INN03634,0.10306958
INN18737,0.85062045
INN17282,0.72485805
INN23708,0.6491168
INN22796,0.0728903
INN28599,0.6755179
INN19033,0.2514148
INN33974,0.8401383
INN19392,0.679548
INN25166,0.87011135
INN36149,0.16675648
INN27332,0.3866666
INN04161,0.036377326
INN18666,0.7865025
INN11794,0.8501685
INN30938,0.842964
INN29569,0.7361281
INN01254,0.47611645
INN00312,0.24579999
INN27364,0.2416174
INN11779,0.5884659
INN31181,0.895975
INN06435,0.086285785
INN24897,0.21129347
INN25382,0.19484149
INN32333,0.7395644
INN12540,0.2543487
INN13784,0.5108933
INN34042,0.6954838
INN14472,0.72593355
INN08980,0.8336833
INN07595,0.68691474
INN31229,0.65513974
INN30194,0.72161275
INN17572,0.6060222
INN22518,0.43078035
INN13915,0.08623637
INN27096,0.7678372
INN07500,0.61111283
INN21463,0.6597088
INN18862,0.5240789
INN06044,0.42361405
INN04153,0.43033764
INN14565,0.12549044
INN12084,0.07547876
INN06253,0.7115196
INN06525,0.8458336
INN20078,0.5466332
INN15413,0.5155024
INN26751,0.51118493
INN26664,0.55928177
INN29697,0.047822595
INN27787,0.47096944
INN35537,0.80443317
INN20271,0.12064188
INN15212,0.6470183
INN17708,0.72578007
INN17092,0.47568667
INN30049,0.60206777
INN23687,0.8442874
INN25208,0.9088942
INN11083,0.72566754
INN23578,0.734111
INN21648,0.70965016
INN15354,0.2071455
INN20302,0.17531992
INN14687,0.44829676
INN01772,0.593845
INN18645,0.7461663
INN16471,0.6133112
INN22503,0.59044033
INN06897,0.18510215
INN01488,0.40605173
INN00968,0.36867425
INN21604,0.009747269
INN09565,0.73291314
INN11809,0.10612213
INN12851,0.65736705
INN11752,0.7205909
INN22811,0.47445247
INN11828,0.33259022
INN25434,0.012474212
INN01830,0.5563998
INN32493,0.38327175
INN21528,0.86063653
INN27401,0.7801613
INN16663,0.7744906
INN31078,0.02668345
INN15794,0.45095348
INN09041,0.110494696
INN00014,0.07743227
INN00994,0.77199644
INN33300,0.4713998
INN23086,0.5155811
INN01053,0.30167842
INN25665,0.6424297
INN22213,0.016892519
INN04772,0.83194506
INN01292,0.56272393
INN01787,0.004188747
INN28443,0.10054867
INN20527,0.42324698
INN12201,0.012887887
INN11734,0.78852576
INN15896,0.45974115
INN06046,0.52513486
INN31727,0.39078456
INN10280,0.726591
INN30182,0.08020379
INN07581,0.15960635
INN08526,0.76285994
INN17076,0.7458614
INN26619,0.55895275
INN33459,0.024482848
INN00711,0.8004598
INN10573,0.6392372
INN06530,0.85605204
INN24522,0.031098308
INN33391,0.87581843
INN30899,0.5613812
INN04904,0.40964544
INN11975,0.057670634
INN13244,0.700251
INN15835,0.026103001
INN06536,0.5972244
INN28936,0.0065165386
INN27895,0.36183757
INN13925,0.97448254
INN10414,0.554689
INN08241,0.7047621
INN22131,0.78265506
INN08257,0.17494605
INN08179,0.25644848
INN30079,0.21596305
INN19609,0.5722263
INN04204,0.05701109
INN06182,0.14481632
INN05158,0.83952
INN18868,0.51001316
INN32129,0.049957253
INN24929,0.65117687
INN20278,0.036736146
INN02309,0.51025647
INN27958,0.5025134
INN18482,0.5882725
INN09705,0.22157921
INN35408,0.0072596534
INN25211,0.46827608
INN08867,0.6359146
INN07092,0.6629486
INN03129,0.7943956
INN23103,0.9959299
INN34453,0.6867516
INN17996,0.32915354
INN19550,0.48510954
INN32198,0.065878294
INN23331,0.1339362
INN11964,0.5586936
INN32429,0.09285505
INN06613,0.13893634
INN29369,0.9453024
INN33177,0.6045766
INN21451,0.10398372
INN24232,0.61327946
INN29257,0.36838278
INN33125,0.0060248524
INN30008,0.32671112
INN01577,0.71678233
INN14804,0.10806528
INN19894,0.71428114
INN25826,0.16327658
INN20993,0.6451898
INN26481,0.0050023915
INN06205,0.041071355
INN24839,0.3919476
INN19265,0.5987841
INN25357,0.31990921
INN32059,0.54950637
INN24449,0.8888193
INN06754,0.7057943
INN12661,0.7397205
INN30339,0.14682029
INN34182,0.26077336
INN28913,0.60893947
INN16675,0.2084888
INN30771,0.8167682
INN22569,0.08013464
INN17910,0.9102489
INN28805,0.07278171
INN19610,0.97478706
INN21380,0.13768318
INN07396,0.7186397
INN22330,0.7800179
INN04919,0.35351607
INN24343,0.6893539
INN09384,0.18527016
INN16384,0.3277159
INN34628,0.44456533
INN29233,0.109272696
INN33456,0.80054235
INN27047,0.12222628
INN29459,0.24160528
INN09050,0.78025043
INN05190,0.47182125
INN27189,0.0059788306
INN05326,0.008007156
INN11283,0.39850938
INN15781,0.7967421
INN22683,0.01666486
INN18205,0.008067263
INN20681,0.51066196
INN25047,0.97493935
INN23218,0.47879106
INN31436,0.62414104
INN23857,0.007884376
INN27337,0.1538716
INN22461,0.5621961
INN30544,0.0058926074
INN20508,0.693312
INN32547,0.20440501
INN12369,0.69673026
INN16786,0.24672827
INN28394,0.5924361
INN33558,0.44503796
INN17441,0.22709198
INN15467,0.41441613
INN21487,0.64863276
INN00201,0.3463684
INN05125,0.6677838
INN30297,0.7204755
INN35669,0.5839565
INN19689,0.5123533
INN17522,0.16839479
INN36190,0.7390628
INN00397,0.48247448
INN29780,0.8805865
INN13174,0.016572928
INN22510,0.6407995
INN13530,0.05034849
INN29445,0.8030141
INN25576,0.08583093
INN20569,0.19278952
INN18506,0.77295786
INN13303,0.84257436
INN07801,0.107283704
INN13313,0.5812523
INN28086,0.6451898
INN35033,0.005319252
INN13794,0.011943918
INN04640,0.20424746
INN09038,0.0119253555
INN02446,0.8019257
INN09799,0.4171146
INN02744,0.62674737
INN34846,0.58981985
INN20175,0.39386776
INN30620,0.30226186
INN13706,0.43100673
INN00370,0.9758195
INN19826,0.049473394
INN31429,0.02862971
INN14281,0.77446043
INN15321,0.5515837
INN20356,0.18244433
INN11223,0.63469696
INN28350,0.6364406
INN36076,0.0321648
INN10748,0.41256487
INN19671,0.90765494
INN04293,0.03175965
INN36045,0.5400255
INN18866,0.05329614
INN18419,0.6293889
INN33617,0.20195682
INN14805,0.23318426
INN33916,0.12654439
INN29752,0.68908274
INN01576,0.001937117
INN31272,0.5622069
INN15986,0.15071034
INN22353,0.014285465
INN20745,0.60425836
INN10960,0.34638324
INN25148,0.08772236
INN00897,0.005628778
INN18235,0.7434705
INN12366,0.6225874
INN23551,0.076558575
INN35039,0.6476457
INN22231,0.19485593
INN13798,0.81503594
INN00698,0.13510892
INN13340,0.05473383
INN11181,0.17323884
INN31128,0.7446182
INN32795,0.7265551
INN25780,0.312611
INN19228,0.7178561
INN26489,0.7065511
INN03101,0.59010875
INN29307,0.5198977
INN31317,0.22299805
INN32501,0.50420856
INN01349,0.7301306
INN30360,0.32891008
INN31053,0.43976238
INN19833,0.4995022
INN11715,0.0022314303
INN31307,0.19296855
INN34080,0.4977206
INN25076,0.711639
INN27754,0.45703846
INN28222,0.6505446
INN05771,0.2326788
INN12086,0.3782975
INN11855,0.13793404
INN18153,0.6903776
INN22559,0.7212808
INN03733,0.82643175
INN29881,0.5497112
INN36151,0.7853286
INN30887,0.63854504
INN35274,0.13715816
INN30693,0.16524588
INN19647,0.7997407
INN29723,0.9131428
INN25329,0.8973002
INN34566,0.77387416
INN31178,0.028549578
INN08569,0.400155
INN03699,0.4614405
INN02593,0.6585944
INN28954,0.53677016
INN35980,0.08020217
INN26914,0.47209123
INN06096,0.29588974
INN00481,0.795511
INN28207,0.82798916
INN14447,0.9000148
INN02858,0.3680689
INN13239,0.1681976
INN34502,0.005086389
INN20205,0.0031622176
INN08841,0.044961024
INN15273,0.621704
INN12860,0.7744906
INN30041,0.0061893817
INN33654,0.32098097
INN02044,0.90234727
INN28276,0.023088168
INN35826,0.7744906
INN03287,0.44037756
INN03827,0.64354324
INN05027,0.71975356
INN06748,0.036196575
INN07776,0.011104049
INN32164,0.26859626
INN08478,0.33131617
INN08613,0.06537556
INN28548,0.45505542
INN02956,0.0805419
INN29839,0.78624296
INN31989,0.64908695
INN14178,0.4212645
INN17914,0.26297283
INN32650,0.57627153
INN07110,0.80920076
INN06269,0.16262816
INN06866,0.031567343
INN16182,0.049193826
INN14911,0.2489645
INN03804,0.59010875
INN26544,0.010151348
INN07242,0.3034487
INN01808,0.69141436
INN13625,0.8117191
INN31355,0.74627626
INN02208,0.778699
INN16046,0.027744152
INN09898,0.13279606
INN06907,0.7744677
INN06664,0.34188044
INN01279,0.37986743
INN17056,0.834673
INN05293,0.66464096
INN27348,0.33354878
INN09745,0.67646855
INN01877,0.73092616
INN06880,0.6217783
INN17939,0.85953623
INN16097,0.27435887
INN11473,0.3915587
INN25909,0.86843914
INN08038,0.0031267253
INN10824,0.033022776
INN11770,0.2679487
INN03064,0.22014265
INN11036,0.730224
INN22993,0.6055672
INN35598,0.63908345
INN33101,0.58108
INN23160,0.7638283
INN26122,0.8671503
INN26209,0.56601113
INN36260,0.048011985
INN31561,0.5579181
INN06419,0.09336071
INN01271,0.25236115
INN34294,0.42088917
INN26646,0.79710597
INN01091,0.6930287
INN15903,0.06170195
INN18471,0.30033943
INN14119,0.7276253
INN01865,0.8016529
INN27934,0.6677078
INN05750,0.045296498
INN19115,0.55030394
INN05733,0.8135303
INN24293,0.65126425
INN09117,0.7055102
INN36212,0.060303885
INN19608,0.29579338
INN06015,0.10750903
INN17437,0.96489364
INN03068,0.034373127
INN14219,0.816556
INN30069,0.41539764
INN00087,0.26795077
INN18876,0.7601324
INN18998,0.8127596
INN05611,0.40605667
INN03726,0.68398345
INN28970,0.06817125
INN05706,0.6968548
INN07546,0.8374185
INN29366,0.6447076
INN35250,0.25589958
INN22606,0.65394133
INN02880,0.15975769
INN03452,0.20440501
INN08815,0.96890277
INN04220,0.28616625
INN13149,0.39125925
INN25804,0.06917743
INN07213,0.19939317
INN31443,0.2207655
INN00280,0.2480198
INN25871,0.72161275
INN22812,0.23979351
INN07306,0.7858419
INN30960,0.46086884
INN21965,0.78275335
INN03357,0.35338482
INN29731,0.4059747
INN04449,0.26092115
INN08022,0.5629116
INN30254,0.5827453
INN06207,0.66923684
INN01733,0.22097522
INN35954,0.78258693
INN34967,0.018401654
INN02981,0.5919639
INN27793,0.014552871
INN21486,0.77454716
INN24888,0.57310706
INN15482,0.3496825
INN02305,0.8055847
INN20805,0.26885146
INN22183,0.042007893
INN25101,0.47592056
INN32028,0.12489972
INN35222,0.7393925
INN12670,0.15666312
INN16939,0.08759809
INN16187,0.5065602
INN03220,0.7065511
INN16918,0.067602634
INN00619,0.17339525
INN26665,0.07717144
INN32778,0.4218671
INN21441,0.17900972
INN03654,0.6167943
INN09862,0.61327946
INN20968,0.7261731
INN07758,0.67154974
INN08275,0.06529426
INN34899,0.6430841
INN00252,0.052514773
INN03194,0.08019369
INN25634,0.08955424
INN12378,0.6737798
INN03777,0.10516817
INN35293,0.7309346
INN11509,0.0056068213
INN15686,0.09114026
INN18460,0.012750277
INN04083,0.2316914
INN12189,0.57871795
INN04470,0.13246784
INN02953,0.631755
INN26233,0.38023517
INN28565,0.2549821
INN34192,0.3134908
INN03781,0.6886329
INN09193,0.24412973
INN29001,0.24506126
INN21983,0.038712084
INN22129,0.10361088
INN23319,0.730224
INN23497,0.37936896
INN01228,0.041238606
INN32590,0.4117957
INN06627,0.83219415
INN18465,0.6083591
INN35129,0.21484374
INN31825,0.6486837
INN00735,0.25939396
INN06420,0.32168058
INN16090,0.58964825
INN09332,0.0020861242
INN04572,0.044760294
INN16275,0.2735293
INN21229,0.017971806
INN08591,0.077217616
INN10595,0.5486857
INN35670,0.55504715
INN23451,0.7274585
INN03620,0.46858904
INN36055,0.36491892
INN19280,0.7765257
INN03054,0.27995428
INN23209,0.460833
INN23766,0.32722038
INN32992,0.6429136
INN35468,0.2764995
INN00832,0.8269458
INN15193,0.93893176
INN35401,0.461464
INN29297,0.16775541
INN16368,0.2701915
INN26324,0.036627665
INN28323,0.5137736
INN10360,0.089650795
INN14077,0.30941623
INN11496,0.2496562
INN36177,0.4891666
INN23694,0.66353595
INN09153,0.22772798
INN21356,0.5402865
INN06395,0.4021107
INN05012,0.7875289
INN28990,0.41485348
INN12904,0.10097286
INN31486,0.66282016
INN26345,0.45632467
INN20550,0.77781534
INN02868,0.38174748
INN33741,0.7900519
INN06947,0.01332617
INN23620,0.6238043
INN22460,0.7334253
INN12601,0.8940613
INN08238,0.48979217
INN35839,0.6750209
INN28392,0.014278699
INN19730,0.29221648
INN01183,0.1849719
INN27699,0.82643175
INN20538,0.7003457
INN00218,0.5688353
INN30316,0.47953334
INN18017,0.7315591
INN02035,0.9847697
INN06736,0.673149
INN11294,0.042249393
INN28660,0.7781494
INN25900,0.30609688
INN02238,0.8382472
INN15287,0.022910325
INN25654,0.1299229
INN30602,0.692503
INN11646,0.114137605
INN00944,0.028749555
INN22063,0.68284243
INN03426,0.6829285
INN30800,0.2321136
INN28202,0.63523877
INN33606,0.52363807
INN17637,0.7451498
INN29879,0.31757823
INN25263,0.24455968
INN19843,0.5832307
INN28963,0.61650807
INN32869,0.75154173
INN08148,0.5455019
INN05663,0.0039140317
INN24538,0.07146928
INN07561,0.63338923
INN08147,0.81522405
INN27518,0.23740955
INN34572,0.30511025
INN30629,0.48007232
INN27860,0.00468196
INN19380,0.05054651
INN35840,0.730224
INN14161,0.23593567
INN01797,0.30570245
INN11547,0.38077518
INN01617,0.7246078
INN08518,0.7449543
INN08221,0.3204322
INN25723,0.56965685
INN13333,0.6292227
INN04811,0.71588415
INN22770,0.5955414
INN25656,0.21134484
INN15169,0.052152816
INN08556,0.8575099
INN08505,0.29309234
INN08294,0.47654358
INN22013,0.40155306
INN34888,0.29302874
INN20297,0.4628184
INN12053,0.23900644
INN17984,0.05140248
INN23405,0.120288774
INN14302,0.0066474825
INN31286,0.74188095
INN31745,0.24725583
INN33014,0.643407
INN29558,0.10017744
INN02134,0.19682318
INN19768,0.17062983
INN21503,0.029993983
INN22662,0.49458683
INN13374,0.7446936
INN22056,0.5488298
INN20443,0.577767
INN11276,0.73936653
INN13951,0.01823357
INN04852,0.098604225
INN29466,0.2742512
INN09352,0.14014149
INN22088,0.7737078
INN01403,0.7904405
INN06294,0.0008283921
INN32512,0.2991989
INN18553,0.6217783
INN28265,0.5812464
INN20169,0.87292314
INN29680,0.50939316
INN21297,0.19881703
INN35889,0.4158268
INN33011,0.15293206
INN15538,0.4188438
INN18137,0.049719624
INN34302,0.29272756
INN25575,0.6006266
INN13828,0.10483068
INN17842,0.7445069
INN10994,0.34844777
INN04456,0.6087034
INN33170,0.27830872
INN10727,0.7208161
INN21876,0.2750376
INN31035,0.6277689
INN27280,0.3248461
INN36112,0.2643541
INN10985,0.055080168
INN15135,0.8168483
INN19975,0.2975385
INN01838,0.122742794
INN27338,0.47929952
INN10071,0.7498722
INN20524,0.7976957
INN29843,0.2263596
INN10370,0.39384925
INN06757,0.12642103
INN10425,0.1149174
INN13790,0.014129864
INN22002,0.39291632
INN07887,0.745516
INN33054,0.7967421
INN23503,0.177424
INN23102,0.18637112
INN35800,0.29648992
INN18407,0.77486885
INN04914,0.5888821
INN04035,0.7478301
INN09903,0.37047333
INN35145,0.27842674
INN13115,0.9072979
INN34044,0.51920485
INN32678,0.44827852
INN03243,0.5733772
INN29283,0.19190139
INN30124,0.7356641
INN21350,0.41860014
INN35395,0.08385065
INN24495,0.74915636
INN31683,0.65262145
INN03590,0.66075164
INN04986,0.9791753
INN21194,0.23023081
INN03379,0.17513478
INN21636,0.7518808
INN16805,0.48842856
INN30078,0.41298243
INN14898,0.566639
INN26369,0.42389727
INN04593,0.33582622
INN16852,0.3680689
INN00442,0.4365903
INN03834,0.5178282
INN20398,0.45353732
INN12628,0.048201464
INN04281,0.2709729
INN23548,0.84054154
INN25232,0.4268851
INN05344,0.7415272
INN10300,0.86608356
INN21157,0.74991554
INN23840,0.7554794
INN33102,0.4995686
INN28335,0.024856808
INN02301,0.76859605
INN31863,0.68729603
INN12571,0.7470438
INN06731,0.12681952
INN34378,0.7205909
INN32274,0.7047674
INN09524,0.13851902
INN27728,0.17863229
INN01340,0.109281465
INN07295,0.6912701
INN12485,0.15283947
INN15760,0.4553703
INN35841,0.014285465
INN19904,0.046838902
INN27108,0.71709985
INN26519,0.5571967
INN07071,0.69548327
INN12987,0.17671925
INN13296,0.75536
INN28714,0.33313903
INN14914,0.4797336
INN09073,0.95657563
INN28036,0.21520203
INN28669,0.71205497
INN12494,0.09156806
INN14561,0.9606389
INN01641,0.11426101
INN21308,0.093292974
INN21295,0.9336986
INN25266,0.17523356
INN29481,0.85655475
INN06187,0.6179924
INN17897,0.75708514
INN31426,0.73947805
INN17252,0.0628168
INN28053,0.24645501
INN03943,0.1493498
INN23982,0.37321615
INN28710,0.88141936
INN25372,0.7527247
INN27257,0.19682318
INN06552,0.70573425
INN12139,0.5805252
INN10792,0.89072984
INN24388,0.7437336
INN32241,0.3537475
INN11029,0.7285714
INN29791,0.009404857
INN14582,0.019708997
INN18340,0.40353352
INN00197,0.2825442
INN07881,0.208805
INN11544,0.33589286
INN27635,0.359963
INN07948,0.4546259
INN24136,0.85991794
INN19906,0.80285394
INN17955,0.95057786
INN00734,0.7315591
INN21500,0.46948314
INN29263,0.057632256
INN08291,0.8506966
INN24626,0.80443317
INN16695,0.053161547
INN27740,0.31093144
INN32461,0.040564846
INN23606,0.73777264
INN07290,0.24407353
INN04286,0.06812828
INN27542,0.047034856
INN07337,0.11660853
INN09996,0.18467684
INN16342,0.72532266
INN00625,0.04046715
INN12537,0.81636614
INN35355,0.57312185
INN25977,0.7334933
INN30578,0.11248349
INN17368,0.4520625
INN11431,0.4303321
INN33249,0.7323221
INN19100,0.34955317
INN01595,0.32278195
INN10277,0.0061578667
INN24900,0.13957514
INN29299,0.19650474
INN21748,0.64581823
INN19761,0.01423417
INN21139,0.6961696
INN06593,0.01688291
INN22086,0.033162978
INN23023,0.7264347
INN25660,0.51820385
INN28824,0.3345006
INN25022,0.6755181
INN21787,0.6985669
INN34357,0.6183995
INN02072,0.55191284
INN06761,0.670995
INN00458,0.30143186
INN27552,0.6387608
INN06586,0.004352659
INN32235,0.07569025
INN10422,0.6302812
INN17978,0.28512645
INN18635,0.57032424
INN34148,0.25658464
INN24962,0.60499084
INN21429,0.6614605
INN07304,0.6742851
INN09739,0.78014356
INN05347,0.6064382
INN32015,0.12319908
INN34147,0.04524137
INN15045,0.09970767
INN10658,0.68729603
INN13053,0.6710828
INN24062,0.14170222
INN35881,0.09561338
INN25132,0.48511577
INN35132,0.98667336
INN26847,0.14554691
INN05479,0.08584938
INN24964,0.66623443
INN17412,0.14244518
INN20966,0.25681502
INN32721,0.37783265
INN30437,0.21830453
INN08500,0.65177727
INN16398,0.5466332
INN32901,0.5235914
INN32622,0.6314866
INN14454,0.003009475
INN01682,0.50602543
INN12981,0.20980135
INN10344,0.007968852
INN25320,0.7388369
INN04238,0.7246078
INN23944,0.6324781
INN16766,0.364103
INN26301,0.15960635
INN12779,0.27807817
INN23193,0.253327
INN30795,0.84496975
INN32268,0.7246764
INN04420,0.17729045
INN04557,0.40327212
INN13489,0.42336422
INN00567,0.5821071
INN21915,0.5920428
INN25295,0.314343
INN19136,0.99297136
INN02753,0.7392298
INN02961,0.12387544
INN32950,0.10187393
INN10922,0.74515516
INN20202,0.63825566
INN33076,0.8992752
INN30820,0.14697097
INN22074,0.44311863
INN28659,0.24836081
INN01449,0.81023693
INN09762,0.38194567
INN18042,0.21971306
INN22221,0.33392566
INN18796,0.20888813
INN28169,0.21878721
INN32251,0.01638637
INN08280,0.35397398
INN26323,0.7833511
INN08484,0.5290333
INN02677,0.06681041
INN01378,0.48958403
INN19127,0.26739675
INN34194,0.37115544
INN31245,0.81175756
INN24117,0.63212144
INN11129,0.45097697
INN02300,0.7315591
INN08846,0.68273664
INN10429,0.5994731
INN23308,0.38629845
INN28992,0.7066395
INN14325,0.0863527
INN17380,0.35958254
INN34126,0.25563103
INN26977,0.28603074
INN23406,0.6980042
INN25152,0.7996996
INN29205,0.40697202
INN12089,0.25404966
INN23718,0.19297034
INN05173,0.28558016
INN18036,0.58888507
INN26667,0.50420856
INN06003,0.18914016
INN20796,0.67728114
INN05019,0.18879768
INN29941,0.7637914
INN15571,0.06959824
INN01180,0.048952896
INN32242,0.5096771
INN13034,0.76603514
INN24803,0.71205497
INN32019,0.639146
INN18329,0.008806596
INN14284,0.5620169
INN23883,0.65616816
INN25643,0.7351975
INN30099,0.20831238
INN28682,0.35925555
INN07946,0.68922496
INN12427,0.06794947
INN21061,0.813801
INN09677,0.22981943
INN04878,0.68729603
INN18915,0.06842601
INN34648,0.94637793
INN25201,0.34015644
INN17692,0.06046367
INN18594,0.682783
INN30991,0.09595827
INN12239,0.071993046
INN19059,0.30941623
INN25491,0.56791615
INN18847,0.22089887
INN08355,0.04561923
INN33390,0.51970434
INN33807,0.17268015
INN28570,0.3348644
INN14778,0.615728
INN08311,0.42898414
INN21158,0.58522296
INN19712,0.015624378
INN28463,0.6827186
INN33479,0.7685162
INN17929,0.6850569
INN24410,0.44059402
INN19111,0.08158606
INN10926,0.62414104
INN12288,0.0848323
INN06109,0.065461926
INN18271,0.019995952
INN25885,0.8078444
INN00759,0.15388519
INN18839,0.8090535
INN03567,0.24420409
INN34165,0.53659314
INN06984,0.79825014
INN05361,0.730224
INN07205,0.63808113
INN04411,0.4945257
INN16621,0.19533174
INN12784,0.5834373
INN35911,0.4768365
INN19388,0.024574025
INN31232,0.013248842
INN05860,0.41318992
INN34577,0.7246764
INN30864,0.5132048
INN19853,0.70166826
INN05922,0.77229387
INN09518,0.50022817
INN14387,0.018423567
INN18528,0.49647474
INN22863,0.7024547
INN31816,0.2536721
INN02276,0.107567154
INN15506,0.54736257
INN34694,0.63469696
INN07325,0.8997119
INN14448,0.08076035
INN21753,0.8028011
INN07025,0.40445623
INN26180,0.15075356
INN28084,0.36067283
INN10804,0.007032223
INN27432,0.5077121
INN04845,0.7637914
INN36022,0.42513472
INN33600,0.68496895
INN27336,0.042007893
INN03221,0.5584393
INN05328,0.07931993
INN30192,0.21043405
INN30228,0.19069928
INN34071,0.7316064
INN32859,0.74549156
INN04950,0.77672917
INN10036,0.9040926
INN16636,0.96694684
INN13757,0.66999614
INN22308,0.970235
INN28384,0.7252754
INN20121,0.22270732
INN20258,0.12962502
INN21654,0.08289377
INN18869,0.26981288
INN36234,0.5025129
INN16070,0.6636325
INN22730,0.5860962
INN10477,0.7102079
INN03987,0.8820017
INN30774,0.8771718
INN11301,0.25877133
INN14041,0.08471934
INN15392,0.056392796
INN28241,0.8486886
INN19081,0.8769959
INN09415,0.8268354
INN14814,0.46899188
INN13036,0.5825425
INN19443,0.21365245
INN08134,0.79115313
INN26547,0.34937662
INN24069,0.24673398
INN34086,0.69885606
INN28584,0.8071854
INN14093,0.05419653
INN29594,0.6418931
INN19107,0.089253135
INN11866,0.7542678
INN35232,0.09310599
INN21259,0.01641597
INN33072,0.5823662
INN15253,0.06333235
INN35055,0.034890886
INN08384,0.30397734
INN23294,0.7274585
INN33015,0.65455
INN07307,0.740867
INN20586,0.72849524
INN36223,0.46354485
INN32909,0.6482657
INN14422,0.59268653
INN11800,0.5863086
INN04520,0.048131734
INN03039,0.05408557
INN24994,0.6870909
INN31397,0.03607163
INN34324,0.5387449
INN30098,0.47953334
INN21525,0.40131512
INN20557,0.70813066
INN34433,0.79480326
INN34445,0.79644865
INN08618,0.08965702
INN13439,0.77904105
INN11744,0.8162644
INN30108,0.25877133
INN22164,0.296095
INN22904,0.96720773
INN19985,0.06846377
INN13518,0.0442387
INN22950,0.03184799
INN05882,0.10111744
INN06150,0.0034912871
INN24762,0.025481058
INN14453,0.29265487
INN27466,0.5705088
INN09622,0.41896936
INN17114,0.40733135
INN08825,0.0036658607
INN23540,0.697474
INN08055,0.10828078
INN31756,0.10853926
INN32343,0.06691458
INN03932,0.6073992
INN04606,0.3409215
INN15579,0.14503208
INN07644,0.6422484
INN23602,0.7207672
INN26022,0.108345784
INN14635,0.70180196
INN16304,0.606295
INN20916,0.18257989
INN19747,0.09462603
INN29647,0.12955663
INN11216,0.5218289
INN12656,0.7490272
INN20116,0.41723812
INN09993,0.83033687
INN13856,0.2577958
INN27661,0.23123382
INN31120,0.639564
INN33345,0.8004598
INN22473,0.9241913
INN29183,0.25345165
INN04203,0.46840882
INN16622,0.092827484
INN07970,0.01755571
INN07918,0.5805252
INN23232,0.3534915
INN12435,0.7192518
INN25108,0.5449915
INN17432,0.8061292
INN28919,0.033689983
INN12262,0.33491367
INN31069,0.60499084
INN22797,0.5816535
INN35050,0.7309346
INN30690,0.7679538
INN14603,0.33873254
INN30204,0.16296327
INN23843,0.0476426
INN03489,0.3418761
INN25854,0.98874027
INN12316,0.554153
INN02438,0.54857886
INN12300,0.8254558
INN02136,0.23529576
INN25513,0.7388369
INN09713,0.72516936
INN14144,0.59329015
INN26700,0.005488088
INN33907,0.03604057
INN13603,0.72593355
INN08529,0.97838116
INN03253,0.7388854
INN05810,0.7325393
INN02639,0.5024331
INN18443,0.63661945
INN09791,0.052019976
INN13376,0.034486573
INN32827,0.6271274
INN08780,0.31421888
INN00978,0.13246784
INN30689,0.5987841
INN34315,0.5025446
INN31388,0.54743475
INN20710,0.017126478
INN26955,0.7738604
INN34023,0.65783954
INN31097,0.34700322
INN35515,0.33965737
INN18308,0.14351639
INN11428,0.17989579
INN01241,0.11563647
INN17203,0.11226642
INN26041,0.031941246
INN09296,0.45170403
INN05698,0.039984256
INN31734,0.7285714
INN24264,0.04853109
INN21739,0.4490991
INN26434,0.76883227
INN32225,0.021925827
INN00703,0.29178885
INN04521,0.95403886
INN27938,0.73789716
INN35418,0.76170623
INN28071,0.07548382
INN24037,0.84548414
INN15742,0.52258086
INN17962,0.27652597
INN15365,0.51404226
INN34674,0.0074301166
INN09354,0.28883561
INN12620,0.6763266
INN11750,0.44981593
INN35346,0.47264174
INN24906,0.10655029
INN22790,0.7252754
INN15989,0.98592895
INN27138,0.18329562
INN32238,0.5598704
INN25872,0.054245975
INN31786,0.44861582
INN24795,0.63499194
INN08903,0.24754713
INN23374,0.643615
INN19810,0.003909058
INN00378,0.00937134
INN10332,0.73509717
INN01299,0.75352097
INN26384,0.6421063
INN22975,0.9000379
INN19211,0.5733126
INN27582,0.08902558
INN12310,0.7916797
INN28365,0.000531887
INN08501,0.048841838
INN04519,0.30592227
INN30224,0.017743055
INN34810,0.80772275
INN14698,0.50420856
INN17497,0.09867549
INN11516,0.619284
INN19754,0.376434
INN01035,0.0021559033
INN10881,0.7753019
INN31963,0.41093236
INN05346,0.03990316
INN12291,0.6387505
INN17965,0.41326934
INN18307,0.48651984
INN02002,0.94613254
INN15326,0.52523077
INN36054,0.077445045
INN33578,0.7320327
INN31933,0.40404028
INN27984,0.3697848
INN12832,0.921299
INN10854,0.27369377
INN29616,0.54092634
INN30086,0.7218248
INN18452,0.020045424
INN30924,0.14594987
INN03900,0.5403337
INN09452,0.22989304
INN01166,0.39384925
INN00345,0.75682217
INN09505,0.5439502
INN05677,0.058908895
INN03209,0.30121562
INN18408,0.21288848
INN25555,0.3954411
INN30851,0.51203614
INN00140,0.7329519
INN15985,0.25978932
INN24928,0.80340815
INN33083,0.11179344
INN30592,0.99025375
INN30928,0.51484305
INN04215,0.64250153
INN14403,0.18369584
INN12519,0.0076851635
INN11558,0.2580121
INN08603,0.43558204
INN26960,0.18965043
INN31506,0.67697906
INN31849,0.7209563
INN10008,0.25935534
INN20647,0.66839314
INN06112,0.02641897
INN33684,0.5035825
INN34466,0.033238765
INN03646,0.671656
INN05467,0.118915625
INN05253,0.7359998
INN03674,0.12653913
INN02230,0.56588507
INN28912,0.41716138
INN25051,0.32828256
INN19592,0.02954719
INN01283,0.35020477
INN32258,0.6395571
INN18499,0.054543346
INN01591,0.0037526053
INN18054,0.51066196
INN01795,0.23191267
INN10329,0.13178787
INN02875,0.2027901
INN05654,0.05809048
INN21522,0.14928328
INN21473,0.25978932
INN29998,0.030296726
INN22120,0.20617986
INN07639,0.35685816
INN10128,0.32141614
INN07192,0.3923829
INN25446,0.4915717
INN21904,0.23706421
INN12565,0.5598954
INN33042,0.6636325
INN28692,0.8778568
INN01847,0.33168083
INN04021,0.51093066
INN18655,0.3794694
INN18894,0.59760296
INN31293,0.25077868
INN02443,0.0047085
INN11512,0.51377726
INN29728,0.053954016
INN25791,0.80126774
INN18357,0.56272393
INN15539,0.33804855
INN04385,0.5353012
INN01737,0.70547676
INN28238,0.08841125
INN00120,0.012685759
INN25913,0.24416992
INN23073,0.0761872
INN33392,0.007642022
INN05200,0.09741953
INN16065,0.124860026
INN11905,0.3654812
INN19079,0.6603771
INN29641,0.9281931
INN06482,0.27995428
INN24087,0.8059019
INN22052,0.0075260303
INN02118,0.75668305
INN20593,0.398246
INN09566,0.4442104
INN33811,0.9121361
INN32025,0.78488326
INN01198,0.008309953
INN06282,0.7512422
INN01669,0.25358075
INN35477,0.29578277
INN16316,0.9123338
INN11998,0.031329554
INN00518,0.2291039
INN18955,0.038188115
INN29370,0.06302757
INN30510,0.22539374
INN28892,0.10697558
INN28422,0.46086884
INN06886,0.109905645
INN31478,0.32828256
INN04507,0.009672824
INN28884,0.007141129
INN01073,0.7714108
INN28628,0.11269265
INN05716,0.7315591
INN01276,0.04649782
INN09559,0.85169804
INN02296,0.009962647
INN03602,0.7478061
INN13063,0.002957048
INN08041,0.04016683
INN05551,0.6934265
INN04825,0.16674669
INN02745,0.10828078
INN30083,0.63908345
INN10789,0.5056655
INN25968,0.23923208
INN29437,0.2617114
INN09271,0.97142124
INN01931,0.7348132
INN13611,0.18803029
INN20221,0.38076633
INN30009,0.63276726
INN02526,0.87187266
INN29142,0.26288903
INN00641,0.3548563
INN27405,0.5750521
INN35990,0.4775988
INN05842,0.027098253
INN04347,0.34158963
INN05684,0.79462147
INN30541,0.8027971
INN26277,0.4660752
INN26982,0.6302812
INN25581,0.7725882
INN18247,0.6383023
INN02625,0.70469964
INN09986,0.12029041
INN27215,0.5825712
INN29584,0.28137958
INN12948,0.6498819
INN20022,0.1441029
INN02159,0.3180356
INN19291,0.28883561
INN33179,0.23624966
INN22026,0.1007914
INN10507,0.20259935
INN00242,0.48287696
INN28114,0.48942748
INN07498,0.7080624
INN03266,0.009700993
INN35066,0.25997812
INN15772,0.57584757
INN12408,0.49227083
INN25020,0.47787255
INN07302,0.89584965
INN10138,0.008285197
INN17202,0.6503988
INN04738,0.51330835
INN05712,0.54991376
INN26518,0.7577832
INN06927,0.7314305
INN32642,0.6579796
INN15177,0.7186397
INN23355,0.5504041
INN21580,0.23957546
INN10371,0.7209563
INN29276,0.6725023
INN21716,0.78494895
INN05357,0.07186515
INN35131,0.6208043
INN08762,0.502504
INN35806,0.03831209
INN30402,0.7320212
INN16056,0.67094696
INN08427,0.3992563
INN24824,0.0060078427
INN35245,0.81503594
INN01001,0.75073755
INN34187,0.52303296
INN14193,0.028735047
INN06216,0.8054545
INN16613,0.20723274
INN15519,0.303524
INN05355,0.34700322
INN07865,0.17666954
INN15138,0.04637471
INN07031,0.431429
INN10039,0.52958006
INN12734,0.38368052
INN23281,0.120125666
INN14223,0.6892489
INN04230,0.18159291
INN21010,0.72161275
INN28818,0.7347379
INN05713,0.33444285
INN17391,0.23408295
INN13593,0.33804855
INN20576,0.18692443
INN30053,0.086586766
INN33273,0.1111927
INN02532,0.68933386
INN02762,0.27204192
INN06716,0.06803318
INN13197,0.3614901
INN05755,0.65936875
INN17828,0.39509827
INN20741,0.3065288
INN19877,0.8019257
INN27164,0.7158439
INN02096,0.62920004
INN14984,0.7111658
INN03050,0.6380236
INN17118,0.75371844
INN00953,0.16780037
INN05825,0.80054235
INN29304,0.77205575
INN09932,0.4950821
INN29461,0.12817736
INN01663,0.2630573
INN07029,0.6829895
INN18552,0.88910145
INN18218,0.6868211
INN07719,0.4495761
INN20276,0.7651381
INN21284,0.75380534
INN31518,0.41894367
INN18930,0.6476704
INN09441,0.671656
INN32312,0.7180267
INN20041,0.6850569
INN09147,0.033430286
INN12864,0.9133851
INN05658,0.09623541
INN29544,0.69487023
INN34586,0.108518876
INN28755,0.06079099
INN34351,0.252141
INN10753,0.07579457
INN32320,0.24407353
INN16031,0.2704505
INN23533,0.090170205
INN18436,0.014602079
INN11748,0.79448706
INN20571,0.48241386
INN27896,0.28205138
INN34188,0.1757
INN07894,0.31640962
INN29385,0.6217783
INN01521,0.014782928
INN20732,0.55937946
INN01244,0.112164415
INN25379,0.01827079
INN01556,0.5040341
INN33891,0.045115005
INN07034,0.72130764
INN11659,0.6766296
INN29759,0.3259918
INN23813,0.091943204
INN26495,0.5007754
INN09933,0.6277689
INN01890,0.3849672
INN01115,0.29930097
INN18537,0.05913373
INN03930,0.117412366
INN34495,0.6726674
INN24891,0.6372696
INN19047,0.21618073
INN11793,0.5935171
INN08858,0.034486573
INN02449,0.23635304
INN22545,0.6742912
INN01872,0.0787075
INN18539,0.5409631
INN24026,0.13736397
INN18290,0.8964812
INN12610,0.76329356
INN04651,0.97468877
INN14153,0.42389727
INN21721,0.30082655
INN08212,0.021701954
INN13170,0.044961024
INN08477,0.39329976
INN17116,0.7744906
INN24240,0.77351516
INN21255,0.12019426
INN33433,0.64916575
INN34076,0.0482952
INN09364,0.12728427
INN15349,0.028819112
INN10728,0.8042781
INN16356,0.35363433
INN08102,0.0020940485
INN08226,0.04035323
INN34132,0.16828978
INN10981,0.5962988
INN28034,0.74228525
INN05988,0.109905645
INN28594,0.3923543
INN13538,0.08794874
INN17266,0.4123386
INN09539,0.4350454
INN22872,0.7750924
INN20123,0.2898099
INN28069,0.15811503
INN02579,0.4010619
INN33231,0.25296545
INN11859,0.17205867
INN34506,0.18307534
INN24319,0.5149325
INN16510,0.3695155
INN24186,0.29588974
INN08271,0.6302812
INN06804,0.00376989
INN21874,0.64198065
INN19982,0.2606607
INN05639,0.3449335
INN09329,0.010509194
INN08046,0.052849524
INN16000,0.04440237
INN35415,0.66409546
INN30150,0.51291895
INN19351,0.41207203
INN15342,0.2923162
INN24331,0.64431554
INN05976,0.06761222
INN17763,0.7045589
INN14665,0.26352093
INN09709,0.74124354
INN12039,0.6257268
INN23876,0.84364945
INN27822,0.9845836
INN00992,0.7775041
INN33222,0.6838112
INN26223,0.75502884
INN22412,0.6087855
INN02313,0.33386564
INN20799,0.1624668
INN18925,0.9718807
INN31347,0.5115228
INN25563,0.7008484
INN29217,0.37936896
INN34038,0.0494729
INN07101,0.018371455
INN33463,0.66923684
INN15921,0.18054493
INN00500,0.4773543
INN18838,0.7463676
INN28572,0.044618286
INN06621,0.684194
INN36015,0.09462603
INN01306,0.6006441
INN01348,0.15432146
INN27880,0.59312737
INN01982,0.85018665
INN10666,0.59909576
INN12370,0.0038670867
INN30885,0.029086784
INN30959,0.19485593
INN05947,0.09261883
INN12348,0.1005991
INN35171,0.013139276
INN10315,0.6615678
INN26395,0.6192733
INN05220,0.71154845
INN25299,0.5947592
INN02908,0.7586161
INN09961,0.8278053
INN26981,0.098486066
INN12102,0.19316621
INN32447,0.21137974
INN31352,0.1277595
INN21007,0.86522406
INN09780,0.2479008
INN05549,0.14181177
INN15084,0.017967235
INN08414,0.6217548
INN09382,0.021387482
INN32781,0.23603085
INN17545,0.020283174
INN24296,0.113946594
INN21785,0.9158299
INN13200,0.6501678
INN07432,0.062506065
INN11489,0.022071732
INN23194,0.61700535
INN36240,0.2143014
INN07781,0.79714334
INN31694,0.80036354
INN16214,0.51166326
INN34143,0.041717507
INN06351,0.55558485
INN30211,0.21712719
INN09929,0.10099722
INN26671,0.005796236
INN01992,0.76145506
INN28709,0.52258086
INN01030,0.855989
INN06272,0.56965464
INN20808,0.05669491
INN36085,0.73203367
INN19298,0.377548
INN12061,0.40315977
INN35004,0.66611147
INN08919,0.82628936
INN06970,0.3271576
INN11189,0.90742975
INN35335,0.813801
INN26305,0.0002826063
INN34206,0.035188798
INN16719,0.26170853
INN15335,0.6403869
INN05372,0.81622815
INN34766,0.23415676
INN16542,0.70659167
INN06605,0.7497689
INN13083,0.07099241
INN19535,0.67553955
INN06437,0.84359294
INN21957,0.62609816
INN06663,0.118168585
INN34039,0.73247564
INN20489,0.07897115
INN02009,0.3835061
INN22248,0.12904543
INN05876,0.5141093
INN29365,0.22163542
INN19025,0.6046838
INN27828,0.48248813
INN29350,0.38364857
INN29367,0.12603521
INN23884,0.3014195
INN08136,0.32856318
INN07752,0.0034933698
INN04706,0.23718676
INN01093,0.13544263
INN10355,0.6436498
INN02169,0.29420564
INN30126,0.003061006
INN01034,0.4064111
INN01857,0.79819167
INN03190,0.48909995
INN30591,0.6892489
INN10399,0.8576305
INN32727,0.5290333
INN33808,0.003125113
INN31211,0.81703377
INN15493,0.8200288
INN20651,0.27107736
INN01079,0.5077936
INN33152,0.16417268
INN35024,0.70069504
INN22547,0.5308437
INN01184,0.29420564
INN04751,0.26860476
INN33058,0.080685034
INN01789,0.24047942
INN33585,0.9367172
INN35327,0.48107666
INN22098,0.33604547
INN28996,0.7763486
INN23671,0.34091705
INN16753,0.03499152
INN07482,0.5786658
INN30114,0.6689172
INN23920,0.33857167
INN29829,0.7405747
INN02287,0.872727
INN07138,0.6038965
INN23339,0.29214188
INN34355,0.2882423
INN21291,0.2433897
INN12363,0.04595961
INN28485,0.25633556
INN21457,0.0023260023
INN11755,0.38537547
INN21900,0.81859803
INN32031,0.57170147
INN15889,0.5849375
INN20402,0.03202785
INN34015,0.09391728
INN06747,0.32816556
INN29105,0.95680743
INN28574,0.6670244
INN15751,0.3572815
INN02139,0.7355895
INN02120,0.039439585
INN26115,0.7098087
INN23748,0.025557179
INN35402,0.4788532
INN04776,0.40770623
INN33504,0.4129112
INN27864,0.6757956
INN20530,0.3165051
INN00517,0.7702019
INN13327,0.012001147
INN26485,0.3997174
INN24885,0.036792483
INN35044,0.18112679
INN06493,0.772844
INN11579,0.7329523
INN26336,0.006582306
INN28099,0.09185958
INN18587,0.55736935
INN25088,0.13452984
INN06905,0.7055102
INN17517,0.6648874
INN31323,0.6293417
INN32538,0.79122835
INN04218,0.8004598
INN24368,0.033134352
INN23264,0.5486857
INN25512,0.5360368
INN17419,0.2660885
INN07091,0.7553345
INN07232,0.69754815
INN34381,0.7614081
INN00448,0.37029743
INN19432,0.8054545
INN22475,0.70924467
INN16208,0.56580156
INN02636,0.012779722
INN05149,0.77067655
INN07723,0.48456416
INN28214,0.017008008
INN04323,0.086848736
INN27783,0.7177948
INN32316,0.28024614
INN23618,0.5494707
INN07593,0.7398353
INN22984,0.51330835
INN18875,0.65997183
INN31403,0.55088145
INN16696,0.050227135
INN14982,0.39796573
INN06527,0.45170403
INN29261,0.30079833
INN14425,0.77426404
INN02345,0.6469794
INN33638,0.71580726
INN29928,0.23740016
INN07041,0.1351105
INN23453,0.72593355
INN01119,0.74811894
INN32433,0.11522845
INN03338,0.9808179
INN10055,0.5854686
INN22245,0.35356766
INN23587,0.67661065
INN29006,0.7865753
INN13264,0.50802004
INN13884,0.81756705
INN32386,0.78839666
INN00656,0.41686112
INN21914,0.25939396
INN23614,0.6758036
INN12733,0.13246784
INN01398,0.06527028
INN19430,0.786571
INN20874,0.6899605
INN35341,0.18113254
INN35251,0.5718451
INN06040,0.8528588
INN01397,0.5210714
INN18818,0.6594429
INN05046,0.82124686
INN04673,0.7367324
INN32695,0.7170606
INN11719,0.038763653
INN24142,0.04895888
INN01697,0.19183488
INN02347,0.8715174
INN30286,0.74395025
INN33051,0.16608545
INN16711,0.8157158
INN18526,0.11444479
INN09592,0.048375316
INN15209,0.6870079
INN08024,0.98174393
INN21368,0.25196144
INN17180,0.79357207
INN34488,0.012975821
INN24765,0.33708632
INN07331,0.15048593
INN13507,0.052349586
INN25875,0.018451942
INN22711,0.49023214
INN17664,0.22871591
INN23501,0.6109297
INN25294,0.80296737
INN05428,0.49051952
INN00597,0.6364172
INN12568,0.39386776
INN17355,0.5935171
INN11016,0.09695704
INN34895,0.32828256
INN03389,0.2767148
INN13963,0.48826456
INN25500,0.19086795
INN17844,0.63846016
INN14092,0.039149262
INN03848,0.08874281
INN15136,0.024797566
INN03508,0.018212866
INN15869,0.039295636
INN35036,0.8004598
INN13064,0.29580405
INN14494,0.68019354
INN25078,0.097862594
INN10409,0.75057834
INN13711,0.738654
INN11045,0.19472803
INN02684,0.6937107
INN25799,0.032677475
INN09560,0.83072174
INN29615,0.4365903
INN30057,0.5247124
INN31348,0.06412208
INN18858,0.16873284
INN22941,0.5539716
INN01816,0.46216086
INN36121,0.7653351
INN04985,0.1685584
INN33485,0.72369516
INN34916,0.7265988
INN14170,0.20785263
INN08088,0.68347484
INN26193,0.800731
INN26465,0.5057021
INN01906,0.78972304
INN06312,0.66539234
INN32013,0.32594693
INN15118,0.5599464
INN05599,0.6990915
INN12972,0.40685126
INN15114,0.7151421
INN33452,0.19966449
INN14100,0.25978932
INN04635,0.68773603
INN21454,0.24709508
INN27367,0.04293705
INN19428,0.03251054
INN34843,0.7173909
INN28923,0.3818843
INN10430,0.27851102
INN29527,0.09909278
INN08443,0.352906
INN12891,0.088906266
INN23470,0.33411947
INN15076,0.8192703
INN16267,0.95980465
INN12036,0.4427708
INN35967,0.3105698
INN19633,0.9423965
INN02859,0.22426766
INN10338,0.9642149
INN01413,0.115861066
INN25050,0.34133106
INN33668,0.683966
INN01324,0.25877133
INN12884,0.46963993
INN00093,0.7685162
INN27477,0.33690202
INN24430,0.7240422
INN31930,0.73290384
INN03836,0.656949
INN06362,0.23436132
INN06001,0.65823865
INN26980,0.33321846
INN14912,0.967838
INN07439,0.5598764
INN05815,0.17618385
INN10343,0.8826317
INN34129,0.20971306
INN03886,0.08309389
INN16484,0.7334933
INN06037,0.012368235
INN19787,0.17339525
INN17042,0.733433
INN25887,0.22552529
INN18248,0.1805442
INN18198,0.16363166
INN07210,0.3449335
INN08887,0.69674003
INN23701,0.32177323
INN28176,0.64311826
INN13505,0.76884186
INN26595,0.07363094
INN31346,0.35808617
INN01424,0.6498819
INN07134,0.84823257
INN05101,0.24836081
INN06952,0.21055315
INN19527,0.18015575
INN30421,0.8103282
INN09499,0.6883729
INN36074,0.5744248
INN04158,0.3329562
INN13550,0.61228496
INN32638,0.5192308
INN07572,0.5629273
INN01110,0.116485745
INN08404,0.24850935
INN31492,0.2246825
INN33372,0.085593045
INN15557,0.8607639
INN10697,0.62176865
INN00964,0.7388369
INN33493,0.09573151
INN21610,0.6212263
INN32765,0.07744306
INN07475,0.6324604
INN02975,0.34389672
INN26111,0.69139576
INN17748,0.27652597
INN16170,0.29891402
INN10864,0.39383996
INN08766,0.9734327
INN27010,0.68908274
INN02852,0.08153243
INN12423,0.5943062
INN17080,0.6754056
INN04524,0.7952707
INN01248,0.31614557
INN34853,0.31186834
INN07746,0.2257601
INN16467,0.109905645
INN21833,0.28090948
INN02732,0.36962315
INN25493,0.3620843
INN16615,0.81006414
INN19968,0.12167338
INN13417,0.72593355
INN23149,0.033610888
INN29822,0.39341125
INN16740,0.09336071
INN20778,0.76396406
INN36245,0.8032321
INN11193,0.004376243
INN21891,0.47233862
INN21971,0.2549821
INN04956,0.29546347
INN36224,0.56464744
INN20442,0.53328955
INN17260,0.5308437
INN10837,0.2316976
INN30776,0.73196405
INN09767,0.75566393
INN13195,0.17224137
INN23745,0.51330835
INN08023,0.82804245
INN21993,0.5866965
INN15244,0.72478336
INN12312,0.8001618
INN25083,0.4900623
INN24005,0.72161275
INN18046,0.75082517
INN06047,0.4641293
INN20832,0.682764
INN03698,0.53677016
INN20780,0.7684637
INN34626,0.39968526
INN20087,0.5266232
INN29714,0.7830161
INN30659,0.077378005
INN30717,0.044777
INN31888,0.7957045
INN35786,0.733768
INN10743,0.7205909
INN08571,0.00969266
INN12952,0.025657563
INN06825,0.06420712
INN12629,0.058264624
INN26268,0.4872834
INN14760,0.70244795
INN35751,0.3900333
INN19278,0.51889116
INN07516,0.76030886
INN00757,0.6607586
INN08194,0.012471451
INN32670,0.7216419
INN35897,0.51082516
INN14332,0.042007893
INN21455,0.79588664
INN02589,0.48655447
INN25367,0.03357239
INN07769,0.5290333
INN30326,0.4912312
INN27586,0.840098
INN10446,0.56272393
INN16516,0.76568437
INN18191,0.28883561
INN29199,0.76285994
INN22047,0.6957846
INN23128,0.66212547
INN01802,0.28822887
INN14355,0.11390587
INN10785,0.3832198
INN15074,0.6795789
INN20541,0.14274727
INN11147,0.4913361
INN24807,0.40068424
INN17055,0.73196405
INN12023,0.6976998
INN21888,0.46723363
INN34234,0.503623
INN16089,0.045954257
INN00828,0.60532665
INN13934,0.30588475
INN15393,0.5466332
INN33462,0.6387717
INN05079,0.0126482
INN03807,0.332082
INN19898,0.33464062
INN26813,0.6362089
INN29182,0.68348587
INN24480,0.64082736
INN30612,0.7153639
INN11667,0.9889026
INN33320,0.67813444
INN34264,0.29101998
INN33889,0.010252206
INN10546,0.15400079
INN07654,0.7933345
INN18883,0.6265995
INN05870,0.730224
INN01132,0.006516446
INN21242,0.03294741
INN01960,0.18063505
INN10092,0.15510418
INN07268,0.57542926
INN24302,0.7507282
INN04757,0.104442246
INN19021,0.73509717
INN24997,0.8699829
INN00743,0.51753956
INN06238,0.10002682
INN28260,0.37538156
INN09654,0.57983565
INN35597,0.18823813
INN11966,0.23706771
INN00513,0.29777813
INN08284,0.67322993
INN23974,0.06371357
INN13989,0.8057302
INN34728,0.90497416
INN18033,0.4701385
INN09129,0.79710597
INN13837,0.12502326
INN00594,0.65386134
INN31365,0.28023466
INN00874,0.5312717
INN31953,0.9219629
INN18456,0.7353701
INN00335,0.13159038
INN07021,0.13505273
INN19994,0.027959835
INN08604,0.71709985
INN23894,0.8928821
INN09094,0.33111122
INN13531,0.08996141
INN28508,0.20959933
INN30588,0.042835604
INN20929,0.3105698
INN03661,0.052985143
INN17704,0.82643175
INN18050,0.8194655
INN14376,0.69756055
INN04029,0.81503594
INN12185,0.5216508
INN28062,0.25179562
INN12415,0.005506312
INN26364,0.8061326
INN30923,0.32069716
INN06428,0.01145712
INN13763,0.006972331
INN23488,0.6268738
INN14757,0.8054545
INN03819,0.40481848
INN28111,0.24346174
INN29885,0.0037858442
INN05395,0.01783268
INN13402,0.4998881
INN00131,0.27570996
INN21867,0.69206595
INN26517,0.81503594
INN06759,0.4891506
INN04851,0.5255106
INN10481,0.24171537
INN10167,0.5681559
INN07933,0.63718003
INN31862,0.059560854
INN36044,0.75536
INN02727,0.04347214
INN30831,0.012483954
INN33488,0.00625591
INN13138,0.09960837
INN34601,0.5308437
INN29551,0.07583435
INN35713,0.9578665
INN08293,0.0017555752
INN25178,0.20919196
INN02835,0.004964511
INN34662,0.5920428
INN10902,0.13856508
INN34919,0.02875429
INN19416,0.6591118
INN27093,0.248078
INN01514,0.79662496
INN07653,0.54518205
INN12152,0.018402316
INN03069,0.046250448
INN02950,0.008018071
INN27323,0.6302812
INN12441,0.8147591
INN29170,0.11944888
INN16486,0.75692207
INN11100,0.021273324
INN17019,0.64881766
INN06317,0.7701074
INN16105,0.6698809
INN17405,0.27651516
INN01604,0.8246664
INN14278,0.68317854
INN26910,0.97299856
INN03636,0.1829763
INN24101,0.64845484
INN34865,0.52786285
INN01792,0.22256343
INN04464,0.71205497
INN28262,0.53885144
INN34891,0.33073145
INN13809,0.18128696
INN30149,0.11545216
INN09682,0.3771163
INN01332,0.006211433
INN11154,0.20200382
INN16343,0.0035108975
INN17363,0.7184594
INN31948,0.23151329
INN15918,0.5293577
INN21416,0.97991025
INN32939,0.49014613
INN34240,0.74229044
INN28529,0.27851102
INN06995,0.76103306
INN06479,0.7157736
INN19218,0.18019314
INN31444,0.6970035
INN12593,0.53325504
INN20365,0.043260545
INN31180,0.34130862
INN22327,0.27342692
INN32640,0.37790412
INN20960,0.73885727
INN09236,0.46797714
INN11327,0.9147037
INN25105,0.518856
INN21953,0.23766482
INN00683,0.0015601842
INN27471,0.56714803
INN30956,0.8021849
INN34084,0.6303998
INN29286,0.13484523
INN14418,0.03827839
INN05289,0.42867276
INN29234,0.7333994
INN17942,0.011798946
INN25063,0.52246314
INN24756,0.30160993
INN24258,0.25625148
INN18656,0.39718795
INN30914,0.17283046
INN05086,0.058077224
INN07603,0.7456347
INN23002,0.7265988
INN12112,0.4372565
INN10398,0.52731335
INN27529,0.25564682
INN15240,0.7556056
INN30284,0.41550332
INN34060,0.22461595
INN06529,0.14636694
INN33818,0.4566018
INN21108,0.6737798
INN29892,0.6579796
INN30734,0.14459667
INN33264,0.1127027
INN32507,0.6166009
INN19723,0.54905504
INN15323,0.3449335
INN07756,0.5348368
INN14157,0.5590171
INN18787,0.9872635
INN01764,0.80223984
INN11977,0.12217672
INN27399,0.49467123
INN23886,0.5214565
INN06157,0.11611201
INN24632,0.8043241
INN35998,0.43270582
INN32534,0.5194817
INN02183,0.6809088
INN10334,0.61788905
INN21135,0.15767795
INN13765,0.60679716
INN10411,0.15641432
INN29571,0.7714772
INN08561,0.5681559
INN26034,0.79301834
INN00867,0.4636538
INN00480,0.6609785
INN16873,0.6421063
INN23321,0.4961779
INN03103,0.28094715
INN17017,0.6051222
INN02311,0.61397755
INN21460,0.0058010495
INN34758,0.62414104
INN03594,0.040281266
INN15025,0.57809585
INN05537,0.28137958
INN26691,0.49785465
INN24970,0.42416117
INN00777,0.04228184
INN21612,0.3357023
INN23415,0.6809768
INN03002,0.8522201
INN28775,0.8106035
INN32326,0.76693255
INN14937,0.6151843
INN29627,0.43059218
INN01140,0.097271696
INN14903,0.012027783
INN15179,0.2704505
INN13334,0.6851019
INN02175,0.7752357
INN09335,0.82643175
INN19137,0.67886204
INN04469,0.80578625
INN24852,0.5135896
INN29799,0.7374241
INN24700,0.08745354
INN04784,0.70209646
INN31827,0.7276253
INN31126,0.071361214
INN21488,0.8341203
INN02747,0.4449542
INN34822,0.6734074
INN18907,0.7211964
INN25673,0.5548326
INN30979,0.5123533
INN07786,0.31093144
INN02565,0.113994
INN28727,0.87237746
INN10891,0.023246428
INN31640,0.66371465
INN30115,0.3425579
INN32634,0.006229145
INN36271,0.6208068
INN03736,0.8671365
INN12849,0.44311294
INN09646,0.3124955
INN29168,0.3412608
INN13624,0.6503988
INN30585,0.89603597
INN23408,0.5606938
INN10874,0.58739614
INN22675,0.24559797
INN04752,0.47197026
INN18006,0.81478155
INN23363,0.15185328
INN33955,0.72593355
INN26629,0.2726336
INN31410,0.7706735
INN07403,0.25980812
INN04999,0.32774097
INN12052,0.7326306
INN33745,0.74703157
INN29267,0.5585139
INN05485,0.11617299
INN32588,0.92731035
INN27846,0.52831095
INN34554,0.36209217
INN22255,0.052321233
INN31740,0.705051
INN02618,0.23742957
INN06416,0.99265164
INN06827,0.516173
INN22122,0.06079103
INN30073,0.74181205
INN21722,0.5573931
INN02848,0.44662675
INN34347,0.0027299307
INN28621,0.31530586
INN03026,0.43174303
INN25719,0.60425836
INN07267,0.73247564
INN26410,0.6912716
INN08752,0.7110705
INN15460,0.31261733
INN09399,0.49753144
INN30744,0.15522851
INN05465,0.0028884164
INN32787,0.74743664
INN01419,0.4520625
INN14833,0.10289007
INN00781,0.22603254
INN23144,0.036282346
INN33662,0.22461595
INN24249,0.7884241
INN10199,0.63908345
INN12650,0.1398354
INN33932,0.09113742
INN27771,0.17050548
INN10825,0.13302183
INN07404,0.68249905
INN29613,0.73278373
INN31990,0.64829427
INN32920,0.9359229
INN26998,0.51429546
INN31179,0.012457407
INN11839,0.20019913
INN23400,0.043119546
INN34094,0.54393876
INN22171,0.96820045
INN26659,0.04862686
INN24431,0.70430356
INN16317,0.24742319
INN35942,0.6942969
INN33403,0.33605832
INN07194,0.05018191
INN22039,0.6425973
INN36129,0.78521585
INN23474,0.5539716
INN15667,0.25509736
INN27580,0.24169375
INN27070,0.5978857
INN05554,0.67619056
INN15416,0.104207136
INN29994,0.6726674
INN21277,0.06447657
INN21237,0.7618753
INN22436,0.20440501
INN06127,0.7347379
INN33725,0.46685004
INN03249,0.9744168
INN05305,0.8640578
INN23925,0.0023119992
INN22573,0.5812523
INN12569,0.60017145
INN06233,0.16417268
INN30859,0.6999288
INN04041,0.69397753
INN33575,0.0677013
INN03586,0.7721707
INN22813,0.29204005
INN14683,0.18353306
INN00981,0.5296263
INN30490,0.15829481
INN07641,0.53316027
INN19835,0.054950535
INN10823,0.53126085
INN24409,0.4444954
INN07681,0.7389451
INN15146,0.63046116
INN21708,0.46572754
INN26362,0.98839134
INN04590,0.7415272
INN07600,0.17388318
INN13696,0.70244795
INN09976,0.7177948
INN29016,0.6364172
INN03059,0.61971104
INN22266,0.7209563
INN32358,0.376356
INN17760,0.6387717
INN29830,0.5182373
INN29950,0.36976823
INN16414,0.3361612
INN17506,0.25748616
INN24391,0.013553922
INN29768,0.05179091
INN22632,0.51856744
INN10830,0.04483864
INN18170,0.32689163
INN18885,0.91627234
INN10646,0.64526135
INN14015,0.047674794
INN23754,0.041734092
INN09535,0.7589418
INN27621,0.06079103
INN13209,0.5367393
INN34256,0.29662573
INN18417,0.008677819
INN23376,0.103993304
INN06389,0.049955364
INN06481,0.1345541
INN19086,0.47560802
INN00267,0.025452252
INN04406,0.7306125
INN28095,0.15301359
INN16584,0.020389305
INN05778,0.72556424
INN18630,0.773818
INN07150,0.68109053
INN03843,0.22200996
INN20392,0.52564514
INN34435,0.39346775
INN35689,0.5455019
INN32151,0.29212156
INN19294,0.730098
INN05688,0.6893953
INN25666,0.013412283
INN19688,0.056588482
INN10099,0.094912976
INN00791,0.72717524
INN29200,0.2549644
INN21803,0.09301081
INN32032,0.5267857
INN26055,0.6176474
INN08154,0.7369514
INN14201,0.6387717
INN19790,0.3918235
INN01443,0.81175756
INN09852,0.86583763
INN30782,0.5117187
INN15728,0.7719409
INN25436,0.7445069
INN25174,0.44806623
INN25595,0.81469905
INN14189,0.18704148
INN23689,0.8119533
INN34056,0.3484661
INN05196,0.6387717
INN05387,0.21482399
INN03616,0.69669235
INN17498,0.10337989
INN04563,0.6481101
INN11685,0.7538978
INN09001,0.013213823
INN04179,0.056473646
INN14074,0.055845954
INN28978,0.18637112
INN21179,0.2225009
INN11478,0.42659518
INN33971,0.43675426
INN33727,0.5308437
INN20490,0.4782199
INN31583,0.22638546
INN05437,0.18543053
INN22562,0.7872464
INN15948,0.4646308
INN01338,0.21599004
INN33287,0.04512767
INN09871,0.032105565
INN05562,0.18095571
INN35877,0.86823744
INN08593,0.0041243443
INN32079,0.64240295
INN18903,0.466253
INN33164,0.46922755
INN03036,0.18029672
INN07824,0.2537198
INN30567,0.6004923
INN07556,0.72543246
INN09772,0.5194817
INN05071,0.41093236
INN31299,0.2464679
INN35559,0.5177224
INN07137,0.26318836
INN21966,0.6217783
INN19396,0.47612137
INN18912,0.6463135
INN28348,0.01710482
INN34344,0.020052379
INN30826,0.7802137
INN15764,0.74813735
INN14122,0.57731795
INN30240,0.574111
INN10888,0.12630986
INN22130,0.654
INN10431,0.029721737
INN35783,0.08741467
INN14345,0.16814782
INN33548,0.6353344
INN14108,0.4514658
INN21384,0.63808113
INN11450,0.5126401
INN23733,0.21116215
INN01304,0.16966426
INN06014,0.61236805
INN25577,0.5544423
INN16282,0.07653503
INN04868,0.6636325
INN06913,0.2126615
INN21019,0.69286793
INN17100,0.122439966
INN19729,0.08125503
INN01632,0.47595513
INN23697,0.14428285
INN26697,0.19290379
INN33438,0.09222895
INN00891,0.06620513
INN08440,0.82445747
INN10899,0.3697848
INN06676,0.19186448
INN12156,0.3463266
INN32161,0.4249754
INN19743,0.6534555
INN13367,0.04548952
INN02731,0.07186515
INN03955,0.6546751
INN07469,0.085939065
INN22054,0.05649378
INN15028,0.24615726
INN29942,0.6480913
INN07818,0.21925925
INN01465,0.46719053
INN00362,0.042819437
INN19007,0.09138996
INN31597,0.7593871
INN01431,0.7233286
INN14262,0.11184269
INN02384,0.10758908
INN00492,0.30696878
INN04818,0.5821071
INN28253,0.012370984
INN28403,0.48072836
INN16890,0.013544478
INN05166,0.47074255
INN07452,0.0048376834
INN27273,0.07744306
INN33994,0.059733707
INN20273,0.025733916
INN31003,0.022469236
INN12120,0.03304911
INN24086,0.4445525
INN07846,0.12904346
INN20604,0.36325672
INN11784,0.03179409
INN06503,0.004815873
INN35007,0.07038875
INN09017,0.96104234
INN08363,0.46639544
INN00822,0.56141806
INN12995,0.37095818
INN05287,0.21420775
INN18872,0.83216643
INN10610,0.9336362
INN07023,0.26486468
INN08758,0.7538978
INN05990,0.10226619
INN15192,0.009945458
INN24251,0.35692185
INN18599,0.26289624
INN16937,0.5302269
INN12245,0.5584461
INN10942,0.47074255
INN24630,0.02898736
INN30904,0.19537225
INN20286,0.7679538
INN06396,0.4423021
INN24411,0.45471314
INN23901,0.20915572
INN26825,0.24995834
INN08278,0.50738233
INN18369,0.5211138
INN29744,0.1796836
INN18531,0.29007638
INN29509,0.93391037
INN22381,0.034373127
INN21862,0.6238103
INN05122,0.75618684
INN08898,0.5711013
INN11680,0.19485593
INN05837,0.73936653
INN12548,0.4542757
INN30287,0.5236394
INN17342,0.0018834844
INN34323,0.7872464
INN08058,0.6739515
INN23004,0.011395781
INN33272,0.6731731
INN10466,0.7024645
INN31226,0.2722298
INN03595,0.771554
INN08373,0.72394675
INN17883,0.6616129
INN10500,0.7364569
INN07529,0.013321656
INN20692,0.48456416
INN05788,0.09566829
INN27603,0.0076289927
INN18176,0.13816841
INN03862,0.80390364
INN00217,0.05679672
INN20679,0.7653458
INN22182,0.48730847
INN19834,0.762398
INN23283,0.6491168
INN13821,0.3958616
INN08479,0.10655029
INN13923,0.84225565
INN13460,0.6224283
INN14881,0.29662573
INN28737,0.31372073
INN25011,0.21628788
INN14021,0.0047917324
INN14658,0.011812152
INN35654,0.13948609
INN10689,0.5740018
INN00776,0.7916797
INN07882,0.17530388
INN04963,0.056152612
INN06528,0.42220676
INN34644,0.69568634
INN28782,0.5439163
INN35441,0.32226312
INN30001,0.67075145
INN20452,0.5337942
INN01457,0.73521847
INN20150,0.1853793
INN00658,0.55376965
INN15748,0.71603644
INN03092,0.5077121
INN08376,0.68729603
INN24845,0.45401284
INN17225,0.4360678
INN03456,0.12218463
INN35127,0.56373173
INN30186,0.57343024
INN09562,0.25525162
INN24680,0.040855832
INN09793,0.113518976
INN32077,0.39420947
INN28957,0.67274666
INN01724,0.5367393
INN27801,0.17053293
INN04690,0.006941251
INN27873,0.012871621
INN33853,0.68923813
INN31709,0.5470916
INN05647,0.6963093
INN03786,0.6476457
INN25207,0.73482835
INN09104,0.008167169
INN12014,0.6781498
INN09061,0.654
INN20659,0.0020665466
INN35498,0.16394374
INN30856,0.20343527
INN03800,0.40209973
INN06858,0.79849225
INN26766,0.12475705
INN18921,0.8421123
INN18311,0.47478566
INN18524,0.7331171
INN35021,0.27757266
INN30148,0.5614804
INN16359,0.10222827
INN01901,0.4171146
INN21434,0.5796089
INN06049,0.61823434
INN14955,0.43854463
INN15014,0.35222664
INN18398,0.10332953
INN21682,0.28056312
INN28689,0.0666152
INN01230,0.003179712
INN17024,0.480744
INN02295,0.8204926
INN06129,0.5488298
INN05875,0.13597077
INN30217,0.0040546963
INN15100,0.3105698
INN35339,0.13369843
INN08358,0.40507987
INN02237,0.0061685387
INN18761,0.04928736
INN31279,0.042819437
INN21267,0.7008484
INN29541,0.8427402
INN01148,0.38228396
INN15299,0.5942618
INN08472,0.23152398
INN15674,0.2943542
INN32826,0.5177847
INN18336,0.33251193
INN08890,0.9450918
INN27585,0.80223984
INN15047,0.03560475
INN00574,0.39075288
INN33862,0.48287696
INN22645,0.9096148
INN29910,0.009717034
INN07782,0.62414104
INN04901,0.032752596
INN26265,0.64162827
INN30140,0.40187252
INN09732,0.7260078
INN03283,0.49945945
INN14980,0.80870456
INN02857,0.2674826
INN17278,0.61971295
INN22893,0.17626886
INN24693,0.16853476
INN10406,0.6217783
INN02768,0.6485011
INN29523,0.010308407
INN25061,0.78670824
INN08475,0.9807961
INN13558,0.012043455
INN00626,0.20274088
